<?xml version="1.0" encoding="utf-8" standalone="no"?>
<!DOCTYPE dotfuscator SYSTEM "http://www.preemptive.com/dotfuscator/dtd/dotfuscator_v1.1.dtd">
<dotfuscator version="1.1">
  <!--This is application generated code. Do not edit manually.-->
  <propertylist>
    <property name="Quizroom Hacker" value="" />
  </propertylist>
  <global>
    <option>verbose</option>
    <option>investigate</option>
    <option>library</option>
  </global>
  <trigger>
    <filelist>
      <file dir="F:\BACKUP\My Documents\Visual Studio Projects\Quizroom Hacker\Quizroom Hacker\bin\Release\" name="Quizroom Hacker.exe" />
    </filelist>
  </trigger>
  <output>
    <file dir="C:\" />
  </output>
  <tempdir>
    <file dir="C:\" />
  </tempdir>
</dotfuscator>